﻿<?xml version="1.0" encoding="UTF-8" standalone="yes"?>
<addon id="repository.acebox" name="AceBox Repo" version="2.0" provider-name="AceBoxPT">
	<extension point="xbmc.addon.repository" name="Repository AceBoxPT">
		<info compressed="false">https://raw.githubusercontent.com/AceBoxPT/repository/master/repo/addons.xml</info>
		<checksum>https://raw.githubusercontent.com/AceBoxPT/repository/master/repo/addons.xml.md5</checksum>
		<datadir zip="true">https://raw.githubusercontent.com/AceBoxPT/repository/master/repo/</datadir>
	</extension>
	<extension point="xbmc.addon.metadata">
		<summary>AceBox Repo</summary>
		<description>Repositorio AceBox</description>
		<disclaimer>www.acebox.pt</disclaimer>
		<platform>all</platform>
	</extension>
</addon>

