<?xml version="1.0" encoding="UTF-8" standalone="yes"?>
<addon id="repository.acebox" name="AceBox Repo" version="2.0" provider-name="AceBoxPT">
	<extension point="xbmc.addon.repository" name="Repository AceBoxPT">
		<dir>
			<info compressed="false">https://raw.githubusercontent.com/AceBoxPT/modules4all/master/zips/addons.xml</info>
			<checksum>https://raw.githubusercontent.com/AceBoxPT/modules4all/master/zips/addons.xml.md5</checksum>
			<datadir zip="true">https://raw.githubusercontent.com/AceBoxPT/modules4all/master/zips/</datadir>
		</dir>
		<dir>
	        <info compressed="true">https://github.com/AceBoxPT/dandymedia/raw/master/addons.xml</info>
	        <checksum>https://github.com/AceBoxPT/dandymedia/raw/master/addons.xml.md5</checksum>
	        <datadir zip="true">https://github.com/AceBoxPT/dandymedia/raw/master/repo</datadir>
		</dir>
		<dir>
			<info compressed="false">https://github.com/AceBoxPT/repository.elysium/raw/master/elysium.xml</info>
			<checksum>https://github.com/OpenELEQ/repository.elysium/raw/master/elysium.xml.md5</checksum>
			<datadir zip="true">https://raw.github.com/OpenELEQ/repository.elysium/master/</datadir>
		</dir>
		<dir>
	        <info compressed="true">https://raw.githubusercontent.com/AceBoxPT/catchup4kodi/master/zips/addons.xml</info>
	        <checksum>https://raw.githubusercontent.com/catchup4kodi/AceBoxPT/master/zips/addons.xml.md5</checksum>
	        <datadir zip="true">https://raw.githubusercontent.com/AceBoxPT/catchup4kodi/master/zips/</datadir>
		</dir>
		<info compressed="false">https://raw.githubusercontent.com/AceBoxPT/repository/master/repo/addons.xml</info>
		<checksum>https://raw.githubusercontent.com/AceBoxPT/repository/master/repo/addons.xml.md5</checksum>
		<datadir zip="true">https://raw.githubusercontent.com/AceBoxPT/repository/master/repo/</datadir>
	</extension>
	<extension point="xbmc.addon.metadata">
		<summary>AceBox Repo</summary>
		<description>Repositorio AceBox</description>
		<disclaimer>www.acebox.pt</disclaimer>
		<platform>all</platform>
	</extension>
</addon>
