<?xml version="1.0" encoding="UTF-8" standalone="yes"?>
<stream>
<item>
<title>Assassin's Creed 4K [COLOR red] 2016[/COLOR]</title>
<link>http://uptobox.com/u9rtziofw7r5</link>   
<thumbnail>https://www.wog.ch/nas/cover_xl/4k/4k_assassinscreedfilm.jpg</thumbnail>
<fanart>https://i.ytimg.com/vi/W_VsfQj4u-Y/maxresdefault.jpg</fanart>
</item>

<item>
<title>Jason Bourne 4K [COLOR red] 2016[/COLOR]</title>
<link>http://uptobox.com/m1deuqr8r7dj</link>   
<fanart>https://s1.thcdn.com/design-assets/products/11322375/pic4-large.jpg</fanart>
<thumbnail>https://screenconnections.files.wordpress.com/2016/10/jason-bourne-4k-ultra-hd-cover.jpg</thumbnail>
</item>
 
<item>
<title>Doctor Strange 4K [COLOR red] 2016[/COLOR]</title>
<link>http://uptobox.com/25kl5fuivflz</link>   
<fanart>http://www.inspiringwallpapers.net/content/uploads/dr-strange-benedict-cumberbatch.jpg</fanart>
<thumbnail>http://www.torrentdosfilmes.com/wp-content/uploads/2017/02/Doutor-Estranho-2017-4k-dublado-torrent-download.png</thumbnail>
</item>
 
<item>
<title>True Memoirs of an International Assassin 4K [COLOR red] 2016[/COLOR]</title>
<link>https://uptobox.com/cunn0y7mmk1k</link>  
<fanart>https://i.ytimg.com/vi/B0h7NKSqU4o/maxresdefault.jpg</fanart>
<thumbnail>http://www.torrentdosfilmes.com/wp-content/uploads/2016/11/4k-historia-real-de-um-assassino-falso-2016-dublado-download-torrent.png</thumbnail>
</item>
 
<item>
<title>Batman v Superman 4K [COLOR red] 2016[/COLOR]</title>
<link></link>  
<fanart>http://www.mediastinger.com/wp-content/uploads/2016/02/Batman-v-Superman-Final-Trailer-hq.jpg</fanart>
<thumbnail>http://4k.com/wp-content/uploads/2015/12/BatmanVSupermanUHDBDart.jpg</thumbnail>
</item>
 
<item>
<title>The Revenant 4K [COLOR red] 2016[/COLOR]</title>
<link>http://uptobox.com/b9ue91vk7cqm</link>
<fanart>http://free4kwallpaper.com/wp-content/uploads/2016/01/Teaser-The-Revenant-4K-Wallpaper.jpg</fanart>
<thumbnail>http://thegioiblu-ray.com/resources/200ceb26807d6bf99fd6f4f0d1ca54d4/0/4KU13.JPG</thumbnail>
</item>
 
<item>
<title>Sicario 4K [COLOR red] 2016[/COLOR]</title>
<link>https://uptobox.com/r3q040jctat4</link>
<fanart>http://ihdwallpapers.com/walls/2015/08/16/sicario_movie_2015-wide.jpg</fanart>
<thumbnail>http://store.hmv.com/HMVStore/media/product/343057/01-343057.jpg</thumbnail>
</item>
 
<item>
<title>Risen 4K [COLOR red] 2016[/COLOR]</title>
<link>https://uptobox.com/uafdjx1ait2o</link>
<fanart>http://cdn.highdefdigest.com/uploads/2016/05/29/Risen_Screenshot_3.jpg</fanart>
<thumbnail>http://www.ultra-hd-blu-ray.fr/images/ultra-hd-blu-ray-risen-visuel.jpg</thumbnail>
</item>
 
<item>
<title>The 5th Wave 4K [COLOR red] 2016[/COLOR]</title>
<link>http://uptobox.com/xvg5xvqv35gr</link>   
<fanart>http://4k.com/wp-content/uploads/2015/12/first-looks-at-the-5th-wave-trailer-and-movie-poster-image-edited-by-me-602755.jpg</fanart>
<thumbnail>https://s2.thcdn.com/productimg/600/600/11276687-1984385812203318.jpg</thumbnail>
</item>
 
<item>
<title>The Do Over 4K [COLOR red] 2016[/COLOR]</title>
<link>http://uptobox.com/umc0486tqktw/The.Do-Over.2016.2160p.WEBRip.x264.AC3-ABI.mkv</link>
<fanart>https://i.ytimg.com/vi/TECNfFMkRe0/maxresdefault.jpg</fanart>
<thumbnail>https://s33.postimg.io/ayuu77l0v/image.png</thumbnail>
</item>
 
<item>
<title>Furious 7 4K [COLOR red] 2016[/COLOR]</title>
<link>https://uptobox.com/dk12ex4vclc4</link>  
<fanart>https://wallpaperscraft.com/image/dominic_toretto_brian_oconner_hobbs_deckard_shaw_letty_mia_roman_furious_7_fast_and_furious_7_101515_3840x2160.jpg</fanart>
<thumbnail>http://images3.static-bluray.com/movies/covers/91828_slip.jpg</thumbnail>
</item>
 
<item>
<title>Deadpool 4K [COLOR red] 2016[/COLOR]</title>
<link>https://uptobox.com/5mk6eq80fc5y</link>
<fanart>http://4kfilme.de/wp-content/uploads/2016/03/deadpool.jpg</fanart>
<thumbnail>https://gzhls.at/p/1423846.jpg</thumbnail>
</item>
 
<item>
<title>Crouching Tiger Sword Of Destiny 4K [COLOR red] 2016[/COLOR]</title>
<link>http://uptobox.com/ej5vrp3x6afr</link>
<fanart>http://empireonline.media/jpg/35/0/0/1200/675/0/0/0/0/0/0/0/c/articles/5665b2ba329ff0ca7c62ae66/crouching-tiger-hidden-dragon-sword-of-destiny.jpg</fanart>
<thumbnail>http://realorfake4k.com/wp-content/uploads/2016/06/crouching-tiger-hidden-dragon-sword-destiny-4K-uhd-netflix-233x300.jpg</thumbnail>
</item>
 
<item>
<title>Mission Impossible Rogue Nation 4K [COLOR red] 2015[/COLOR]</title>
<link>http://uptobox.com/44ct0v6yt820</link>   
<fanart>http://coda-craven.org/wp-content/uploads/2016/10/paula_patton_in_mission_impossible_4-wide-coda-craven-1680x1050.jpg</fanart>
<thumbnail>http://3.bp.blogspot.com/-imQMW_UFbto/VkErk-iZryI/AAAAAAAAE-0/mC9LXm83_K0/s1600/Miss%25C3%25A3o_Imposs%25C3%25ADvel_Na%25C3%25A7%25C3%25A3o_Secreta_dublado_Bluray_4k_torrent_download.jpg</thumbnail>
</item>
 
<item>
<title>Terra 4K [COLOR red] 2015[/COLOR]</title>
<link>http://uptobox.com/zs503clbnnzz</link>   
<fanart>http://www.terra.omega/upload/desktop/aquaterra/head.jpg</fanart>
<thumbnail>http://www.torrentdosfilmes.com/wp-content/uploads/2016/12/terra-2016-web-rip-4k-2160p-dublado-download-torrent.png</thumbnail>
</item>
 
<item>
<title>Insurgent 4K [COLOR red] 2015[/COLOR]</title>
<link>http://uptobox.com/vzgw0jomhaai</link>
<fanart>http://hdwallpaperbackgrounds.net/wp-content/uploads/2015/10/insurgent-buildings-guns-cool-wallpaper-3840x2160-1024x576.jpg</fanart>
<thumbnail>http://images3.static-bluray.com/movies/covers/155901_front.jpg</thumbnail>
</item>
 
<item>
<title>Mad Max 4K [COLOR red] 2015[/COLOR]</title>
<link>http://uptobox.com/j1a5cdrrxtw8</link>
<fanart>http://static.trustedreviews.com/94/000038811/c932/mad-max.jpg</fanart>
<thumbnail>http://www.thedigitalbits.com/media/k2/items/cache/140b010967f6cad065f658f2e2e7cc8d_XL.jpg</thumbnail>
</item>
 
<item>
<title>The Ridiculous 6 4k [COLOR red] 2015[/COLOR]</title>
<link>https://uptobox.com/vxn197bhtl2n</link>
<fanart>http://www.trbimg.com/img-566b43a8/turbine/ct-ent-1214-adam-sandler-ridiculous-6-review-20151211</fanart>
<thumbnail>https://upload.wikimedia.org/wikipedia/en/0/0d/The_Ridiculous_6_poster.jpg</thumbnail>
</item>
 
<item>
<title>Chappie 4k [COLOR red] 2015[/COLOR]</title>
<link>http://uptobox.com/pzdl799v68y8</link>
<fanart>https://4.bp.blogspot.com/-MZzguuM3LCU/VPWo6MEebkI/AAAAAAABeJ8/8zshRAR2sk4/s0/Chappie_Movie_UHD.jpg</fanart>
<thumbnail>http://images.static-bluray.com/movies/covers/145676_front.jpg</thumbnail>
</item>
 
<item>
<title>Maze Runner the Scorch Trials 4K [COLOR red] 2015[/COLOR]</title>
<link>https://goo.gl/nFZ4X0</link>
<fanart>http://s3.foxmovies.com/foxmovies/production/films/100/images/gallery/scorchtrials-7-gallery-image.jpg</fanart>
<thumbnail>http://s3.thcdn.com/productimg/600/600/11253952-1994369233384540.jpg</thumbnail>
</item>
     
<item>
<title>Minions 4K [COLOR red] 2015[/COLOR]</title>
<link>http://uptobox.com/mq3csa3renmw</link>   
<fanart>https://i.ytimg.com/vi/7AFUch5JZaQ/maxresdefault.jpg</fanart>
<thumbnail>http://pics.filmaffinity.com/Los_Minions-199956794-large.jpg</thumbnail>
</item>
   
<item>
<title>The Transporter Refueled 4K [COLOR red] 2015[/COLOR]</title>
<link>http://uptobox.com/5o09h3e26df6</link>   
<fanart>http://assets1.ignimgs.com/2015/04/01/transporterrefueledignjpg-7820e2_1280w.jpg</fanart>
<thumbnail>http://pics.filmaffinity.com/Transporter_Legacy-263530044-large.jpg</thumbnail>
</item>
 
<item>
<title>Star Wars - The Force Awakens 4K [COLOR red] 2015[/COLOR]</title>
<link>http://uptobox.com/0ssabu318q5m</link>   
<fanart>http://i2.wp.com/bitcast-a-sm.bitgravity.com/slashfilm/wp/wp-content/images/rey__bb_8_star_wars_the_force_awakens-HD-1600x900.jpg</fanart>
<thumbnail>http://www.flickeringmyth.com/wp-content/uploads/2015/12/star-wars-the-force-awakens-blu-ray.jpg</thumbnail>
</item>
 
<item>
<title>Bad Asses On The Bayou [COLOR red] 2015[/COLOR]</title>
<link>http://uptobox.com/sda3c5gq7cvt</link>
<fanart>https://i.ytimg.com/vi/Wjdg5HI_NsA/maxresdefault.jpg</fanart>
<thumbnail>https://s23.postimg.io/of6a2pe8b/cover_tenzin.jpg</thumbnail>
</item>
 
<item>
<title>Edge of Tomorrow [COLOR red] 2014[/COLOR]</title>
<link>http://uptobox.com/q90k9g293rdk</link>  
<fanart>https://i.ytimg.com/vi/yUmSVcttXnI/maxresdefault.jpg</fanart>
<thumbnail>http://www.sanity.com.au/media/Images/fullimage/253484/TSA_2274592_2015-08-4--01-27-07.jpg</thumbnail>
</item>
 
<item>
<title>The Imitation Game [COLOR red] 2014[/COLOR]</title>
<link>http://uptobox.com/22tt4a1l8fwq</link>  
<fanart>https://idealphotography.biz/wp-content/uploads/2016/06/Highres-the-imitation-game-wallpaper-In-Windows-Wallpaper-Themes-with-the-imitation-game-wallpaper-Download-HD-Wallpaper.jpg</fanart>
<thumbnail>http://mediafiles.cineplex.com/Central/Film/Posters/23065_320_470.jpg</thumbnail>
</item>
 
<item>
<title>Fury 4K [COLOR red] 2014[/COLOR]</title>
<link>http://uptobox.com/e30ritkjq7jg</link>   
<fanart>http://www.weeatfilms.com/wp-content/uploads/2014/11/7036ad9a4ffcec7a_FURY-PK-05__DF-05676_.xxxlarge_2x.jpg</fanart>
<thumbnail>http://images4.static-bluray.com/movies/covers/123466_front.jpg</thumbnail>
</item>
 
<item>
<title>Guardians of the Galaxy 4K [COLOR red] 2014[/COLOR]</title>
<link></link>  
<fanart>http://cdn.mos.cms.futurecdn.net/iSVS4dLkPaT8rosAepzBia.jpg</fanart>
<thumbnail>http://www.followingthenerd.com/site/wp-content/uploads/guardians-of-the-galaxy_international-poster.jpg</thumbnail>
</item>
   
<item>
<title>Captain Phillips 4k [COLOR red] 2013[/COLOR]</title>
<link>http://uptobox.com/no5ctlz58cby</link>
<fanart>http://4kfilme.de/wp-content/uploads/2013/11/2.jpg</fanart>
<thumbnail>http://realorfake4k.com/wp-content/uploads/2016/05/captain-phillips-4K-uhd-box-231x300.jpg</thumbnail>
</item>
 
<item>
<title>Elysium 4k [COLOR red] 2013[/COLOR]</title>
<link>http://uptobox.com/8b00z1dzrw8q</link>
<fanart>https://a2ua.com/elysium/elysium-008.jpg</fanart>
<thumbnail>https://s28.postimg.io/wsfa0g2v1/cover_tenzin.jpg</thumbnail>
</item>
 
<item>
<title>The Amazing Spider-Man[COLOR red] 2012[/COLOR]</title>
<link>http://uptobox.com/axupwsiohlgs</link>
<fanart>https://tokyofox.files.wordpress.com/2012/06/amazing-spider-man.jpg</fanart>
<thumbnail>https://upload.wikimedia.org/wikipedia/en/0/02/The_Amazing_Spider-Man_theatrical_poster.jpeg</thumbnail>
</item>
 
<item>
<title>Looper 4k [COLOR red] 2012[/COLOR]</title>
<link>http://uptobox.com/orqlq7435nmg</link>
<fanart>http://cdn.pcwallart.com/images/looper-movie-poster-wallpaper-3.jpg</fanart>
<thumbnail>http://www.sonypictures.com/movies/looper/assets/images/onesheet.jpg</thumbnail>
</item>
 
<item>
<title>Total Recall 4k [COLOR red] 2012[/COLOR]</title>
<link>http://uptobox.com/dulys1kd2ubg</link>
<fanart>https://wallpaperscraft.com/image/total_recall_colin_farrell_city_blocks_abstraction_94821_3840x2160.jpg</fanart>
<thumbnail>http://www.blurayuhd.co.uk/wp-content/uploads/2015/05/total-recall-2012-mastered-in-4k-front-cover.png</thumbnail>
</item>
 
<item>
<title>Battle Los Angeles 4k [COLOR red] 2011[/COLOR]</title>
<link></link>
<fanart>http://photos.imageevent.com/afap/wallpapers/movies/battlelosangeles//Battle%20Los%20Angeles%20-13.jpg</fanart>
<thumbnail>http://images3.static-bluray.com/movies/covers/75087_medium.jpg</thumbnail>
</item>
       
<item>
<title>Sintel 4K [COLOR red] 2010[/COLOR]</title>
<link>https://uptobox.com/wqiu3ie6f5re</link>  
<fanart>https://durian.blender.org/wp-content/uploads/2010/05/3.2d.png</fanart>
<thumbnail>https://upload.wikimedia.org/wikipedia/commons/8/8f/Sintel_poster.jpg</thumbnail>
</item>
 
<item>
<title>Avatar 4K [COLOR red] 2009[/COLOR]</title>
<link></link>
<fanart>https://www.overthinkingit.com/wp-content/uploads/2010/01/Avatar-Sucks.jpg</fanart>
<thumbnail>https://upload.wikimedia.org/wikipedia/en/b/b0/Avatar-Teaser-Poster.jpg</thumbnail>
</item>
 
<item>
<title>UP 4K [COLOR red] 2009[/COLOR]</title>
<link>https://dce5b384f53b640f132255d66e53f9d7cf397317-www.googledrive.com/host/0B6slXgboHELweVlxNEZIRDNKU2c/1.mp4</link>
<fanart>http://www.gannett-cdn.com/-mm-/04b495208de2d7382ead00d3ae1d4690a9093e54/c=416-0-3791-1907&r=x1683&c=3200x1680/local/-/media/2015/02/04/USATODAY/USATODAY/635586375138407465-d02-up-oscar-best-pic-nom-dcov-03.jpg</fanart>
<thumbnail>http://images4.static-bluray.com/movies/covers/6031_front.jpg</thumbnail>
</item>
 
<item>
<title>Independence Day 4K [COLOR red] 1996[/COLOR]</title>
<link>http://uptobox.com/9j3jf6e3u0du</link>
<fanart>https://i.ytimg.com/vi/BfT_VSKcSCU/maxresdefault.jpg</fanart>  
<thumbnail>http://s2.thcdn.com/productimg/600/600/11306200-1924398283906533.jpg</thumbnail>
</item>
 
<item>
<title>Ghostbusters 2 4K [COLOR red] 1989[/COLOR]</title>
<link>http://uptobox.com/rleytyofkwku</link>   
<fanart>http://cdn.highdefdigest.com/uploads/2014/09/18/ghosbusters_2.6_.jpg</fanart>
<thumbnail>http://images.static-bluray.com/movies/covers/151358_front.jpg</thumbnail>
</item>
</stream>