<?xml version="1.0" encoding="UTF-8" standalone="yes"?>
<addon id="plugin.video.aceboxstreams"
 name="ACEBOX STREAMS"
 version="0.0.9"
 provider-name="MikeAngel">
    <requires>
    </requires>
    <extension point="xbmc.python.pluginsource"
               library="default.py">
        <provides>video</provides>
    </extension>
    <extension point="xbmc.addon.metadata">
        <platform>all</platform>
        <summary>Obrigado, Mike Angel! <br />  </summary>
        <description>Este addon é uma modificação do original para ser integrada na AceBox. Carrega listas de canais de TV em formato M3U e com XML</description>
    </extension>
</addon>