﻿<?xml version="1.0" encoding="UTF-8" standalone="yes"?>

<stream>



<item>
<title>[COLOR  cyan][B]ºº [/B] [/COLOR][B][COLOR blue] ALXTV PT [/B][/COLOR]</title>
<thumbnail>http://acehardware.ph/product_images/b/205/10114817a__56183_std.jpg</thumbnail>
<fanart>https://fanart.tv/media/movie-section.jpg</fanart>
<link>https://goo.gl/7amyqh</link>
</item>





<item>
<title>[COLOR  cyan][B]ºº [/B] [/COLOR][B][COLOR orange] ALXTV MOV [/B][/COLOR]</title>
<thumbnail>http://acehardware.ph/product_images/b/205/10114817a__56183_std.jpg</thumbnail>
<fanart>https://fanart.tv/media/movie-section.jpg</fanart>
<link>https://goo.gl/XiXrv5</link>
</item>


<item>
<title>[COLOR  cyan][B]ºº [/B] [/COLOR][B][COLOR orange] ALXTV MOV 2 [/B][/COLOR]</title>
<thumbnail>http://acehardware.ph/product_images/b/205/10114817a__56183_std.jpg</thumbnail>
<fanart>https://fanart.tv/media/movie-section.jpg</fanart>
<link>https://goo.gl/a4qFIJ</link>
</item>



<item>
<title>[COLOR  cyan][B]ºº [/B] [/COLOR][B][COLOR brown] ALXTV França [/B][/COLOR]</title>
<thumbnail>http://acehardware.ph/product_images/b/205/10114817a__56183_std.jpg</thumbnail>
<fanart>https://fanart.tv/media/movie-section.jpg</fanart>
<link>https://goo.gl/6hxFXn</link>
</item>





<item>
<title>[COLOR  cyan][B]ºº [/B] [/COLOR][B][COLOR torqoise] ALXTV +18X+ [/B][/COLOR]</title>
<thumbnail>http://acehardware.ph/product_images/b/205/10114817a__56183_std.jpg</thumbnail>
<fanart>https://fanart.tv/media/movie-section.jpg</fanart>
<link>https://goo.gl/iNx2QO</link>
</item>


<item>
<title>[COLOR  cyan][B]ºº [/B] [/COLOR][B][COLOR torqoise] ALXTV +18X+ Vers.2[/B][/COLOR]</title>
<thumbnail>http://acehardware.ph/product_images/b/205/10114817a__56183_std.jpg</thumbnail>
<fanart>https://fanart.tv/media/movie-section.jpg</fanart>
<link>https://goo.gl/qzrjCL</link>
</item>



<item>
<title>[COLOR  cyan][B]ºº [/B] [/COLOR][B][COLOR red] XXX Clips [/B][/COLOR]</title>
<thumbnail>http://acehardware.ph/product_images/b/205/10114817a__56183_std.jpg</thumbnail>
<fanart>https://fanart.tv/media/movie-section.jpg</fanart>
<link>https://goo.gl/E0lswR</link>
</item>

</stream>



