<?xml version="1.0" encoding="UTF-8" standalone="yes"?>

<stream>

<item>
<title>[COLOR lawngreen][B]ºº[/B][/COLOR][COLOR red][B]AGENDAS ARENAVISION [/B][/COLOR][COLOR lawngreen][B]ºº[/B][/COLOR]</title>
<link>http://ignorame</link>
<thumbnail></thumbnail>
</item>



<item>
<title>[COLOR white][B]ARENAVISION AGENDA / SCHEDULE [/B][/COLOR]</title>
<link>$doregex[makelist]</link>
<regex>
<name>makelist</name>
<listrepeat><![CDATA[
<item><title>[COLOR lightyellow][makelist.param1][/COLOR] [COLOR lightblue][makelist.param2][/COLOR] [COLOR lightgreen][makelist.param3][/COLOR][COLOR skyblue] [makelist.param4][/COLOR] ([makelist.param6])  </title>
<link>plugin://program.plexus/?url=[makelist.param4]&amp;mode=1&amp;name=666list+[makelist.param3]+Arenavision</link>
</item>
]]></listrepeat>
<expres><![CDATA[center'>(.*?)<[\w\W\s]{0,120}<td>(.*?)<br>(.*?)<[\w\W\s]{0,40}acestream://(.*?)"]]></expres>
<page>https://avezy.tk/</page>
<Agent>Mozilla</Agent>
</regex>
<fanart>http://springcoupon.com/wp-content/uploads/2016/05/VIP-logo.jpg</fanart>
<thumbnail>https://pbs.twimg.com/profile_images/788852870993027072/giwZj-BU.jpg</thumbnail>
</item>


<item>
<title>[COLOR white][B]ARENAVISIONEZY AGENDA  [/B][/COLOR]</title>
<link>ignorme</link>
<jsonrpc>plugin://plugin.video.arenavisionezy/?action=mostrar_agenda</jsonrpc>
<fanart>http://springcoupon.com/wp-content/uploads/2016/05/VIP-logo.jpg</fanart>
<thumbnail>https://pbs.twimg.com/profile_images/788852870993027072/giwZj-BU.jpg</thumbnail>
</item>

<item>
<title>[COLOR lawngreen][B]>>>>>[/B][/COLOR][COLOR red][B]CANAIS ARENAVISION [/B][/COLOR][COLOR lawngreen][B]<<<<<[/B][/COLOR]</title>
<link>http://ignorame</link>
<thumbnail>https://springcoupon.com/wp-content/uploads/2016/05/VIP-logo.jpg</thumbnail>
</item>
   
<item>
<title>[COLOR lawngreen][B]>>>>>[/B][/COLOR][COLOR red][B]OS SPORT TV´S NÃO ESTÃO FIXOS , HOJE PODE ESTAR NO AV1 , E AMANHÃ ESTAR NO AV4 OU AV8 [/B][/COLOR][COLOR lawngreen][B]<<<<<[/B][/COLOR]</title>
<link>http://ignorame</link>
<thumbnail>https://springcoupon.com/wp-content/uploads/2016/05/VIP-logo.jpg</thumbnail>
</item>
   
<item>
<title>[COLOR lawngreen][B]•[/B][/COLOR][COLOR white][B] Arenavision 1 (Plexus)  [/COLOR][/B]</title>
<link>plugin://program.plexus/?url=$doregex[hash]&amp;mode=1&amp;name=Arenavision 1</link>
<regex>
<name>hash</name>
<expres>this.loadPlayer\("(.*?)"</expres>
<page>http://www.arenavision.in/av1</page>
<referer>http://www.arenavision.in</referer>
<setcookie>beget=begetok</setcookie>
<name>#bassfox#</name>
<thumbnail>https://springcoupon.com/wp-content/uploads/2016/05/VIP-logo.jpg</thumbnail>
<fanart>https://springcoupon.com/wp-content/uploads/2016/05/VIP-logo.jpg</fanart>
</regex>
</item>
 
 
<item>
<title>[COLOR lawngreen][B]•[/B][/COLOR][COLOR white][B] Arenavision 1 (P2P) [/COLOR][/B]</title>
<link>plugin://plugin.video.p2p-streams/?url=$doregex[hash]&amp;mode=1&amp;name=Arenavision 1</link>
<regex>
<name>hash</name>
<expres>this.loadPlayer\("(.*?)"</expres>
<page>http://www.arenavision.in/av1</page>
<referer>http://www.arenavision.in</referer>
<setcookie>beget=begetok</setcookie>
<name>#bassfox#</name>
<thumbnail>https://springcoupon.com/wp-content/uploads/2016/05/VIP-logo.jpg</thumbnail>
<fanart>https://springcoupon.com/wp-content/uploads/2016/05/VIP-logo.jpg</fanart>
</regex>
</item>
 
<item>
<title>[COLOR lawngreen][B]•[/B][/COLOR][COLOR white][B] Arenavision 2 (Plexus)  [/COLOR][/B]</title>
<link>plugin://program.plexus/?url=$doregex[hash]&amp;mode=1&amp;name=Arenavision 2</link>
<regex>
<name>hash</name>
<expres>this.loadPlayer\("(.*?)"</expres>
<page>http://www.arenavision.in/av2</page>
<referer>http://www.arenavision.in</referer>
<setcookie>beget=begetok</setcookie>
<name>#bassfox#</name>
<thumbnail>https://springcoupon.com/wp-content/uploads/2016/05/VIP-logo.jpg</thumbnail>
<fanart>https://springcoupon.com/wp-content/uploads/2016/05/VIP-logo.jpg</fanart>
</regex>
</item>
 
<item>
<title>[COLOR lawngreen][B]•[/B][/COLOR][COLOR white][B] Arenavision 2 (P2P)[/COLOR][/B]</title>
<link>plugin://plugin.video.p2p-streams/?url=$doregex[hash]&amp;mode=1&amp;name=Arenavision 2</link>
<regex>
<name>hash</name>
<expres>this.loadPlayer\("(.*?)"</expres>
<page>http://www.arenavision.in/av2</page>
<referer>http://www.arenavision.in</referer>
<setcookie>beget=begetok</setcookie>
<name>#bassfox#</name>
<thumbnail>https://springcoupon.com/wp-content/uploads/2016/05/VIP-logo.jpg</thumbnail>
<fanart>https://springcoupon.com/wp-content/uploads/2016/05/VIP-logo.jpg</fanart>
</regex>
</item>
 
 
<item>
<title>[COLOR lawngreen][B]•[/B][/COLOR][COLOR white][B] Arenavision 3 (Plexus) [/COLOR][/B]</title>
<link>plugin://program.plexus/?url=$doregex[hash]&amp;mode=1&amp;name=Arenavision 3</link>
<regex>
<name>hash</name>
<expres>this.loadPlayer\("(.*?)"</expres>
<page>http://www.arenavision.in/av3</page>
<referer>http://www.arenavision.in</referer>
<setcookie>beget=begetok</setcookie>
<name>#bassfox#</name>
<thumbnail>https://springcoupon.com/wp-content/uploads/2016/05/VIP-logo.jpg</thumbnail>
<fanart>https://springcoupon.com/wp-content/uploads/2016/05/VIP-logo.jpg</fanart>
</regex>
</item>
 
<item>
<title>[COLOR lawngreen][B]•[/B][/COLOR][COLOR white][B] Arenavision 3 (P2P)[/COLOR][/B]</title>
<link>plugin://plugin.video.p2p-streams/?url=$doregex[hash]&amp;mode=1&amp;name=Arenavision 3</link>
<regex>
<name>hash</name>
<expres>this.loadPlayer\("(.*?)"</expres>
<page>http://www.arenavision.in/av3</page>
<referer>http://www.arenavision.in</referer>
<setcookie>beget=begetok</setcookie>
<name>#bassfox#</name>
<thumbnail>https://springcoupon.com/wp-content/uploads/2016/05/VIP-logo.jpg</thumbnail>
<fanart>https://springcoupon.com/wp-content/uploads/2016/05/VIP-logo.jpg</fanart>
</regex>
</item>
 
<item>
<title>[COLOR lawngreen][B]•[/B][/COLOR][COLOR white][B] Arenavision 4 (Plexus)  [/COLOR][/B]</title>
<link>plugin://program.plexus/?url=$doregex[hash]&amp;mode=1&amp;name=Arenavision 4</link>
<regex>
<name>hash</name>
<expres>this.loadPlayer\("(.*?)"</expres>
<page>http://www.arenavision.in/av4</page>
<referer>http://www.arenavision.in</referer>
<setcookie>beget=begetok</setcookie>
<name>#bassfox#</name>
<thumbnail>https://springcoupon.com/wp-content/uploads/2016/05/VIP-logo.jpg</thumbnail>
<fanart>https://springcoupon.com/wp-content/uploads/2016/05/VIP-logo.jpg</fanart>
</regex>
</item>
 
 
<item>
<title>[COLOR lawngreen][B]•[/B][/COLOR][COLOR white][B] Arenavision 4 (P2P) [/COLOR][/B]</title>
<link>plugin://plugin.video.p2p-streams/?url=$doregex[hash]&amp;mode=1&amp;name=Arenavision 4</link>
<regex>
<name>hash</name>
<expres>this.loadPlayer\("(.*?)"</expres>
<page>http://www.arenavision.in/av4</page>
<referer>http://www.arenavision.in</referer>
<setcookie>beget=begetok</setcookie>
<name>#bassfox#</name>
<thumbnail>https://springcoupon.com/wp-content/uploads/2016/05/VIP-logo.jpg</thumbnail>
<fanart>https://springcoupon.com/wp-content/uploads/2016/05/VIP-logo.jpg</fanart>
</regex>
</item>
 
<item>
<title>[COLOR lawngreen][B]•[/B][/COLOR][COLOR white][B] Arenavision 5 (Plexus)  [/COLOR][/B]</title>
<link>plugin://program.plexus/?url=$doregex[hash]&amp;mode=1&amp;name=Arenavision 5</link>
<regex>
<name>hash</name>
<expres>this.loadPlayer\("(.*?)"</expres>
<page>http://www.arenavision.in/av5</page>
<referer>http://www.arenavision.in</referer>
<setcookie>beget=begetok</setcookie>
<name>#bassfox#</name>
<thumbnail>https://springcoupon.com/wp-content/uploads/2016/05/VIP-logo.jpg</thumbnail>
<fanart>https://springcoupon.com/wp-content/uploads/2016/05/VIP-logo.jpg</fanart>
</regex>
</item>
 
<item>
<title>[COLOR lawngreen][B]•[/B][/COLOR][COLOR white][B] Arenavision 5 (P2P) [/COLOR][/B]</title>
<link>plugin://plugin.video.p2p-streams/?url=$doregex[hash]&amp;mode=1&amp;name=Arenavision 5</link>
<regex>
<name>hash</name>
<expres>this.loadPlayer\("(.*?)"</expres>
<page>http://www.arenavision.in/av5</page>
<referer>http://www.arenavision.in</referer>
<setcookie>beget=begetok</setcookie>
<name>#bassfox#</name>
<thumbnail>https://springcoupon.com/wp-content/uploads/2016/05/VIP-logo.jpg</thumbnail>
<fanart>https://springcoupon.com/wp-content/uploads/2016/05/VIP-logo.jpg</fanart>
</regex>
</item>
 
<item>
<title>[COLOR lawngreen][B]•[/B][/COLOR][COLOR white][B] Arenavision 6 (Plexus)  [/COLOR][/B]</title>
<link>plugin://program.plexus/?url=$doregex[hash]&amp;mode=1&amp;name=Arenavision 6</link>
<regex>
<name>hash</name>
<expres>this.loadPlayer\("(.*?)"</expres>
<page>http://www.arenavision.in/av6</page>
<referer>http://www.arenavision.in</referer>
<setcookie>beget=begetok</setcookie>
<name>#bassfox#</name>
<thumbnail>https://springcoupon.com/wp-content/uploads/2016/05/VIP-logo.jpg</thumbnail>
<fanart>https://springcoupon.com/wp-content/uploads/2016/05/VIP-logo.jpg</fanart>
</regex>
</item>
 
<item>
<title>[COLOR lawngreen][B]•[/B][/COLOR][COLOR white][B] Arenavision 6 (P2P) [/COLOR][/B]</title>
<link>plugin://plugin.video.p2p-streams/?url=$doregex[hash]&amp;mode=1&amp;name=Arenavision 6</link>
<regex>
<name>hash</name>
<expres>this.loadPlayer\("(.*?)"</expres>
<page>http://www.arenavision.in/av6</page>
<referer>http://www.arenavision.in</referer>
<setcookie>beget=begetok</setcookie>
<name>#bassfox#</name>
<thumbnail>https://springcoupon.com/wp-content/uploads/2016/05/VIP-logo.jpg</thumbnail>
<fanart>https://springcoupon.com/wp-content/uploads/2016/05/VIP-logo.jpg</fanart>
</regex>
</item>
 
<item>
<title>[COLOR lawngreen][B]•[/B][/COLOR][COLOR white][B] Arenavision 7 (Plexus)  [/COLOR][/B]</title>
<link>plugin://program.plexus/?url=$doregex[hash]&amp;mode=1&amp;name=Arenavision 7</link>
<regex>
<name>hash</name>
<expres>this.loadPlayer\("(.*?)"</expres>
<page>http://www.arenavision.in/av7</page>
<referer>http://www.arenavision.in</referer>
<setcookie>beget=begetok</setcookie>
<name>#bassfox#</name>
<thumbnail>https://springcoupon.com/wp-content/uploads/2016/05/VIP-logo.jpg</thumbnail>
<fanart>https://springcoupon.com/wp-content/uploads/2016/05/VIP-logo.jpg</fanart>
</regex>
</item>
 
<item>
<title>[COLOR lawngreen][B]•[/B][/COLOR][COLOR white][B] Arenavision 7 (P2P) [/COLOR][/B]</title>
<link>plugin://plugin.video.p2p-streams/?url=$doregex[hash]&amp;mode=1&amp;name=Arenavision 7</link>
<regex>
<name>hash</name>
<expres>this.loadPlayer\("(.*?)"</expres>
<page>http://www.arenavision.in/av7</page>
<referer>http://www.arenavision.in</referer>
<setcookie>beget=begetok</setcookie>
<name>#bassfox#</name>
<thumbnail>https://springcoupon.com/wp-content/uploads/2016/05/VIP-logo.jpg</thumbnail>
<fanart>https://springcoupon.com/wp-content/uploads/2016/05/VIP-logo.jpg</fanart>
</regex>
</item>
 
<item>
<title>[COLOR lawngreen][B]•[/B][/COLOR][COLOR white][B] Arenavision 8 (Plexus)  [/COLOR][/B]</title>
<link>plugin://program.plexus/?url=$doregex[hash]&amp;mode=1&amp;name=Arenavision 8</link>
<regex>
<name>hash</name>
<expres>this.loadPlayer\("(.*?)"</expres>
<page>http://www.arenavision.in/av8</page>
<referer>http://www.arenavision.in</referer>
<setcookie>beget=begetok</setcookie>
<name>#bassfox#</name>
<thumbnail>https://springcoupon.com/wp-content/uploads/2016/05/VIP-logo.jpg</thumbnail>
<fanart>https://springcoupon.com/wp-content/uploads/2016/05/VIP-logo.jpg</fanart>
</regex>
</item>
 
<item>
<title>[COLOR lawngreen][B]•[/B][/COLOR][COLOR white][B] Arenavision 8 (P2P) [/COLOR][/B]</title>
<link>plugin://plugin.video.p2p-streams/?url=$doregex[hash]&amp;mode=1&amp;name=Arenavision 8</link>
<regex>
<name>hash</name>
<expres>this.loadPlayer\("(.*?)"</expres>
<page>http://www.arenavision.in/av8</page>
<referer>http://www.arenavision.in</referer>
<setcookie>beget=begetok</setcookie>
<name>#bassfox#</name>
<thumbnail>https://springcoupon.com/wp-content/uploads/2016/05/VIP-logo.jpg</thumbnail>
<fanart>https://springcoupon.com/wp-content/uploads/2016/05/VIP-logo.jpg</fanart>
</regex>
</item>
 
<item>
<title>[COLOR lawngreen][B]•[/B][/COLOR][COLOR white][B] Arenavision 9 (Plexus)  [/COLOR][/B]</title>
<link>plugin://program.plexus/?url=$doregex[hash]&amp;mode=1&amp;name=Arenavision 9</link>
<regex>
<name>hash</name>
<expres>this.loadPlayer\("(.*?)"</expres>
<page>http://www.arenavision.in/av9</page>
<referer>http://www.arenavision.in</referer>
<setcookie>beget=begetok</setcookie>
<name>#bassfox#</name>
<thumbnail>https://springcoupon.com/wp-content/uploads/2016/05/VIP-logo.jpg</thumbnail>
<fanart>https://springcoupon.com/wp-content/uploads/2016/05/VIP-logo.jpg</fanart>
</regex>
</item>  
 
 
 
<item>
<title>[COLOR lawngreen][B]•[/B][/COLOR][COLOR white][B] Arenavision 9 (P2P) [/COLOR][/B]</title>
<link>plugin://plugin.video.p2p-streams/?url=$doregex[hash]&amp;mode=1&amp;name=Arenavision 9</link>
<regex>
<name>hash</name>
<expres>this.loadPlayer\("(.*?)"</expres>
<page>http://www.arenavision.in/av9</page>
<referer>http://www.arenavision.in</referer>
<setcookie>beget=begetok</setcookie>
<name>#bassfox#</name>
<thumbnail>https://springcoupon.com/wp-content/uploads/2016/05/VIP-logo.jpg</thumbnail>
<fanart>https://springcoupon.com/wp-content/uploads/2016/05/VIP-logo.jpg</fanart>
</regex>
</item>          
 
                       
<item>
<title>[COLOR lawngreen][B]•[/B][/COLOR][COLOR white][B] Arenavision 10 (Plexus) [/COLOR][/B]</title>
<link>plugin://program.plexus/?url=$doregex[hash]&amp;mode=1&amp;name=Arenavision 10</link>
<regex>
<name>hash</name>
<expres>this.loadPlayer\("(.*?)"</expres>
<page>http://www.arenavision.in/av10</page>
<referer>http://www.arenavision.in</referer>
<setcookie>beget=begetok</setcookie>
<name>#bassfox#</name>
<thumbnail>https://springcoupon.com/wp-content/uploads/2016/05/VIP-logo.jpg</thumbnail>
<fanart>https://springcoupon.com/wp-content/uploads/2016/05/VIP-logo.jpg</fanart>
</regex>
</item>
 
<item>
<title>[COLOR lawngreen][B]•[/B][/COLOR][COLOR white][B] Arenavision 10 (P2P) [/COLOR][/B]</title>
<link>plugin://plugin.video.p2p-streams/?url=$doregex[hash]&amp;mode=1&amp;name=Arenavision 10</link>
<regex>
<name>hash</name>
<expres>this.loadPlayer\("(.*?)"</expres>
<page>http://www.arenavision.in/av10</page>
<referer>http://www.arenavision.in</referer>
<setcookie>beget=begetok</setcookie>
<name>#bassfox#</name>
<thumbnail>https://springcoupon.com/wp-content/uploads/2016/05/VIP-logo.jpg</thumbnail>
<fanart>https://springcoupon.com/wp-content/uploads/2016/05/VIP-logo.jpg</fanart>
</regex>
</item>
 
<item>
<title>[COLOR lawngreen][B]•[/B][/COLOR][COLOR white][B] Arenavision 11 (Plexus)[/COLOR][/B]</title>
<link>plugin://program.plexus/?url=$doregex[hash]&amp;mode=1&amp;name=Arenavision 11</link>
<regex>
<name>hash</name>
<expres>this.loadPlayer\("(.*?)"</expres>
<page>http://www.arenavision.in/av11</page>
<referer>http://www.arenavision.in</referer>
<setcookie>beget=begetok</setcookie>
<name>#bassfox#</name>
<thumbnail>https://springcoupon.com/wp-content/uploads/2016/05/VIP-logo.jpg</thumbnail>
<fanart>https://springcoupon.com/wp-content/uploads/2016/05/VIP-logo.jpg</fanart>
</regex>
</item>
 
<item>
<title>[COLOR lawngreen][B]•[/B][/COLOR][COLOR white][B] Arenavision 11 (P2P)[/COLOR][/B]</title>
<link>plugin://plugin.video.p2p-streams/?url=$doregex[hash]&amp;mode=1&amp;name=Arenavision 11</link>
<regex>
<name>hash</name>
<expres>this.loadPlayer\("(.*?)"</expres>
<page>http://www.arenavision.in/av11</page>
<referer>http://www.arenavision.in</referer>
<setcookie>beget=begetok</setcookie>
<name>#bassfox#</name>
<thumbnail>https://springcoupon.com/wp-content/uploads/2016/05/VIP-logo.jpg</thumbnail>
<fanart>https://springcoupon.com/wp-content/uploads/2016/05/VIP-logo.jpg</fanart>
</regex>
</item>
 
<item>
<title>[COLOR lawngreen][B]•[/B][/COLOR][COLOR white][B] Arenavision 12 (Plexus)[/COLOR][/B]</title>
<link>plugin://program.plexus/?url=$doregex[hash]&amp;mode=1&amp;name=Arenavision 12</link>
<regex>
<name>hash</name>
<expres>this.loadPlayer\("(.*?)"</expres>
<page>http://www.arenavision.in/av12</page>
<referer>http://www.arenavision.in</referer>
<setcookie>beget=begetok</setcookie>
<name>#bassfox#</name>
<thumbnail>https://springcoupon.com/wp-content/uploads/2016/05/VIP-logo.jpg</thumbnail>
<fanart>https://springcoupon.com/wp-content/uploads/2016/05/VIP-logo.jpg</fanart>
</regex>
</item>
 
 
<item>
<title>[COLOR lawngreen][B]•[/B][/COLOR][COLOR white][B] Arenavision 12 (P2P)[/COLOR][/B]</title>
<link>plugin://plugin.video.p2p-streams/?url=$doregex[hash]&amp;mode=1&amp;name=Arenavision 12</link>
<regex>
<name>hash</name>
<expres>this.loadPlayer\("(.*?)"</expres>
<page>http://www.arenavision.in/av12</page>
<referer>http://www.arenavision.in</referer>
<setcookie>beget=begetok</setcookie>
<name>#bassfox#</name>
<thumbnail>https://springcoupon.com/wp-content/uploads/2016/05/VIP-logo.jpg</thumbnail>
<fanart>https://springcoupon.com/wp-content/uploads/2016/05/VIP-logo.jpg</fanart>
</regex>
</item>
 
<item>
<title>[COLOR lawngreen][B]•[/B][/COLOR][COLOR white][B] Arenavision 13 (Plexus)[/COLOR][/B]</title>
<link>plugin://program.plexus/?url=$doregex[hash]&amp;mode=1&amp;name=Arenavision 13</link>
<regex>
<name>hash</name>
<expres>this.loadPlayer\("(.*?)"</expres>
<page>http://www.arenavision.in/av13</page>
<referer>http://www.arenavision.in</referer>
<setcookie>beget=begetok</setcookie>
<name>#bassfox#</name>
<thumbnail>https://springcoupon.com/wp-content/uploads/2016/05/VIP-logo.jpg</thumbnail>
<fanart>https://springcoupon.com/wp-content/uploads/2016/05/VIP-logo.jpg</fanart>
</regex>
</item>
 
 
<item>
<title>[COLOR lawngreen][B]•[/B][/COLOR][COLOR white][B] Arenavision 13 (P2P)[/COLOR][/B]</title>
<link>plugin://plugin.video.p2p-streams/?url=$doregex[hash]&amp;mode=1&amp;name=Arenavision 13</link>
<regex>
<name>hash</name>
<expres>this.loadPlayer\("(.*?)"</expres>
<page>http://www.arenavision.in/av13</page>
<referer>http://www.arenavision.in</referer>
<setcookie>beget=begetok</setcookie>
<name>#bassfox#</name>
<thumbnail>https://springcoupon.com/wp-content/uploads/2016/05/VIP-logo.jpg</thumbnail>
<fanart>https://springcoupon.com/wp-content/uploads/2016/05/VIP-logo.jpg</fanart>
</regex>
</item>
 
<item>
<title>[COLOR lawngreen][B]•[/B][/COLOR][COLOR white][B] Arenavision 14 (Plexus)[/COLOR][/B]</title>
<link>plugin://program.plexus/?url=$doregex[hash]&amp;mode=1&amp;name=Arenavision 14</link>
<regex>
<name>hash</name>
<expres>this.loadPlayer\("(.*?)"</expres>
<page>http://www.arenavision.in/av14</page>
<referer>http://www.arenavision.in</referer>
<setcookie>beget=begetok</setcookie>
<name>#bassfox#</name>
<thumbnail>https://springcoupon.com/wp-content/uploads/2016/05/VIP-logo.jpg</thumbnail>
<fanart>https://springcoupon.com/wp-content/uploads/2016/05/VIP-logo.jpg</fanart>
</regex>
</item>
 
<item>
<title>[COLOR lawngreen][B]•[/B][/COLOR][COLOR white][B] Arenavision 14 (P2P)[/COLOR][/B]</title>
<link>plugin://plugin.video.p2p-streams/?url=$doregex[hash]&amp;mode=1&amp;name=Arenavision 14</link>
<regex>
<name>hash</name>
<expres>this.loadPlayer\("(.*?)"</expres>
<page>http://www.arenavision.in/av14</page>
<referer>http://www.arenavision.in</referer>
<setcookie>beget=begetok</setcookie>
<name>#bassfox#</name>
<thumbnail>https://springcoupon.com/wp-content/uploads/2016/05/VIP-logo.jpg</thumbnail>
<fanart>https://springcoupon.com/wp-content/uploads/2016/05/VIP-logo.jpg</fanart>
</regex>
</item>
 
<item>
<title>[COLOR lawngreen][B]•[/B][/COLOR][COLOR white][B] Arenavision 15 (Plexus) [/COLOR][/B]</title>
<link>plugin://program.plexus/?url=$doregex[hash]&amp;mode=1&amp;name=Arenavision 15</link>
<regex>
<name>hash</name>
<expres>this.loadPlayer\("(.*?)"</expres>
<page>http://www.arenavision.in/av15</page>
<referer>http://www.arenavision.in</referer>
<setcookie>beget=begetok</setcookie>
<name>#bassfox#</name>
<thumbnail>https://springcoupon.com/wp-content/uploads/2016/05/VIP-logo.jpg</thumbnail>
<fanart>https://springcoupon.com/wp-content/uploads/2016/05/VIP-logo.jpg</fanart>
</regex>
</item>
 
<item>
<title>[COLOR lawngreen][B]•[/B][/COLOR][COLOR white][B] Arenavision 15 (P2P)[/COLOR][/B]</title>
<link>plugin://plugin.video.p2p-streams/?url=$doregex[hash]&amp;mode=1&amp;name=Arenavision 15</link>
<regex>
<name>hash</name>
<expres>this.loadPlayer\("(.*?)"</expres>
<page>http://www.arenavision.in/av15</page>
<referer>http://www.arenavision.in</referer>
<setcookie>beget=begetok</setcookie>
<name>#bassfox#</name>
<thumbnail>https://springcoupon.com/wp-content/uploads/2016/05/VIP-logo.jpg</thumbnail>
<fanart>https://springcoupon.com/wp-content/uploads/2016/05/VIP-logo.jpg</fanart>
</regex>
</item>
 
<item>
<title>[COLOR lawngreen][B]•[/B][/COLOR][COLOR white][B] Arenavision 16 (Plexus) [/COLOR][/B]</title>
<link>plugin://program.plexus/?url=$doregex[hash]&amp;mode=1&amp;name=Arenavision 16</link>
<regex>
<name>hash</name>
<expres>this.loadPlayer\("(.*?)"</expres>
<page>http://www.arenavision.in/av16</page>
<referer>http://www.arenavision.in</referer>
<setcookie>beget=begetok</setcookie>
<name>#bassfox#</name>
<thumbnail>https://springcoupon.com/wp-content/uploads/2016/05/VIP-logo.jpg</thumbnail>
<fanart>https://springcoupon.com/wp-content/uploads/2016/05/VIP-logo.jpg</fanart>
</regex>
</item>
 
<item>
<title>[COLOR lawngreen][B]•[/B][/COLOR][COLOR white][B] Arenavision 16 (P2P)[/COLOR][/B]</title>
<link>plugin://plugin.video.p2p-streams/?url=$doregex[hash]&amp;mode=1&amp;name=Arenavision 16</link>
<regex>
<name>hash</name>
<expres>this.loadPlayer\("(.*?)"</expres>
<page>http://www.arenavision.in/av16</page>
<referer>http://www.arenavision.in</referer>
<setcookie>beget=begetok</setcookie>
<name>#bassfox#</name>
<thumbnail>https://springcoupon.com/wp-content/uploads/2016/05/VIP-logo.jpg</thumbnail>
<fanart>https://springcoupon.com/wp-content/uploads/2016/05/VIP-logo.jpg</fanart>
</regex>
</item>
 
<item>
<title>[COLOR lawngreen][B]•[/B][/COLOR][COLOR white][B] Arenavision 17 (Plexus)[/COLOR][/B]</title>
<link>plugin://program.plexus/?url=$doregex[hash]&amp;mode=1&amp;name=Arenavision 17</link>
<regex>
<name>hash</name>
<expres>this.loadPlayer\("(.*?)"</expres>
<page>http://www.arenavision.in/av17</page>
<referer>http://www.arenavision.in</referer>
<setcookie>beget=begetok</setcookie>
<name>#bassfox#</name>
<thumbnail>https://springcoupon.com/wp-content/uploads/2016/05/VIP-logo.jpg</thumbnail>
<fanart>https://springcoupon.com/wp-content/uploads/2016/05/VIP-logo.jpg</fanart>
</regex>
</item>
 
<item>
<title>[COLOR lawngreen][B]•[/B][/COLOR][COLOR white][B] Arenavision 17 (P2P)[/COLOR][/B]</title>
<link>plugin://plugin.video.p2p-streams/?url=$doregex[hash]&amp;mode=1&amp;name=Arenavision 17</link>
<regex>
<name>hash</name>
<expres>this.loadPlayer\("(.*?)"</expres>
<page>http://www.arenavision.in/av17</page>
<referer>http://www.arenavision.in</referer>
<setcookie>beget=begetok</setcookie>
<name>#bassfox#</name>
<thumbnail>https://springcoupon.com/wp-content/uploads/2016/05/VIP-logo.jpg</thumbnail>
<fanart>https://springcoupon.com/wp-content/uploads/2016/05/VIP-logo.jpg</fanart>
</regex>
</item>
 
<item>
<title>[COLOR lawngreen][B]•[/B][/COLOR][COLOR white][B] Arenavision 18 (Plexus) [/COLOR][/B]</title>
<link>plugin://program.plexus/?url=$doregex[hash]&amp;mode=1&amp;name=Arenavision 18</link>
<regex>
<name>hash</name>
<expres>this.loadPlayer\("(.*?)"</expres>
<page>http://www.arenavision.in/av18</page>
<referer>http://www.arenavision.in</referer>
<setcookie>beget=begetok</setcookie>
<name>#bassfox#</name>
<thumbnail>https://springcoupon.com/wp-content/uploads/2016/05/VIP-logo.jpg</thumbnail>
<fanart>https://springcoupon.com/wp-content/uploads/2016/05/VIP-logo.jpg</fanart>
</regex>
</item>
 
 
<item>
<title>[COLOR lawngreen][B]•[/B][/COLOR][COLOR white][B] Arenavision 18 (P2P)[/COLOR][/B]</title>
<link>plugin://plugin.video.p2p-streams/?url=$doregex[hash]&amp;mode=1&amp;name=Arenavision 18</link>
<regex>
<name>hash</name>
<expres>this.loadPlayer\("(.*?)"</expres>
<page>http://www.arenavision.in/av18</page>
<referer>http://www.arenavision.in</referer>
<setcookie>beget=begetok</setcookie>
<name>#bassfox#</name>
<thumbnail>https://springcoupon.com/wp-content/uploads/2016/05/VIP-logo.jpg</thumbnail>
<fanart>https://springcoupon.com/wp-content/uploads/2016/05/VIP-logo.jpg</fanart>
</regex>
</item>
                                                                                                                                           
<item>
<title>[COLOR lawngreen][B]•[/B][/COLOR][COLOR white][B] Arenavision 19 (Plexus) [/COLOR][/B]</title>
<link>plugin://program.plexus/?url=$doregex[hash]&amp;mode=1&amp;name=Arenavision 19</link>
<regex>
<name>hash</name>
<expres>this.loadPlayer\("(.*?)"</expres>
<page>http://www.arenavision.in/av10</page>
<referer>http://www.arenavision.in</referer>
<setcookie>beget=begetok</setcookie>
<name>#bassfox#</name>
<thumbnail>https://springcoupon.com/wp-content/uploads/2016/05/VIP-logo.jpg</thumbnail>
<fanart>https://springcoupon.com/wp-content/uploads/2016/05/VIP-logo.jpg</fanart>
</regex>
</item>
 
<item>
<title>[COLOR lawngreen][B]•[/B][/COLOR][COLOR white][B] Arenavision 19 (P2P)[/COLOR][/B]</title>
<link>plugin://plugin.video.p2p-streams/?url=$doregex[hash]&amp;mode=1&amp;name=Arenavision 19</link>
<regex>
<name>hash</name>
<expres>this.loadPlayer\("(.*?)"</expres>
<page>http://www.arenavision.in/av19</page>
<referer>http://www.arenavision.in</referer>
<setcookie>beget=begetok</setcookie>
<name>#bassfox#</name>
<thumbnail>https://springcoupon.com/wp-content/uploads/2016/05/VIP-logo.jpg</thumbnail>
<fanart>https://springcoupon.com/wp-content/uploads/2016/05/VIP-logo.jpg</fanart>
</regex>
</item>
 
<item>
<title>[COLOR lawngreen][B]•[/B][/COLOR][COLOR white][B] Arenavision 20 (Plexus) [/COLOR][/B]</title>
<link>plugin://program.plexus/?url=$doregex[hash]&amp;mode=1&amp;name=Arenavision 20</link>
<regex>
<name>hash</name>
<expres>this.loadPlayer\("(.*?)"</expres>
<page>http://www.arenavision.in/av20</page>
<referer>http://www.arenavision.in</referer>
<setcookie>beget=begetok</setcookie>
<name>#bassfox#</name>
<thumbnail>https://springcoupon.com/wp-content/uploads/2016/05/VIP-logo.jpg</thumbnail>
<fanart>https://springcoupon.com/wp-content/uploads/2016/05/VIP-logo.jpg</fanart>
</regex>
</item>
 
<item>
<title>[COLOR lawngreen][B]•[/B][/COLOR][COLOR white][B] Arenavision 20 (P2P)[/COLOR][/B]</title>
<link>plugin://plugin.video.p2p-streams/?url=$doregex[hash]&amp;mode=1&amp;name=Arenavision 20</link>
<regex>
<name>hash</name>
<expres>this.loadPlayer\("(.*?)"</expres>
<page>http://www.arenavision.in/av20</page>
<referer>http://www.arenavision.in</referer>
<setcookie>beget=begetok</setcookie>
<name>#bassfox#</name>
<thumbnail>https://springcoupon.com/wp-content/uploads/2016/05/VIP-logo.jpg</thumbnail>
<fanart>https://springcoupon.com/wp-content/uploads/2016/05/VIP-logo.jpg</fanart>
</regex>
</item>
 
<item>
<title>[COLOR lawngreen][B]•[/B][/COLOR][COLOR white][B] Arenavision 21 (Plexus) [/COLOR][/B]</title>
<link>plugin://program.plexus/?url=$doregex[hash]&amp;mode=1&amp;name=Arenavision 21</link>
<regex>
<name>hash</name>
<expres>this.loadPlayer\("(.*?)"</expres>
<page>http://www.arenavision.in/av21</page>
<referer>http://www.arenavision.in</referer>
<setcookie>beget=begetok</setcookie>
<name>#bassfox#</name>
<thumbnail>https://springcoupon.com/wp-content/uploads/2016/05/VIP-logo.jpg</thumbnail>
<fanart>https://springcoupon.com/wp-content/uploads/2016/05/VIP-logo.jpg</fanart>
</regex>
</item>
 
<item>
<title>[COLOR lawngreen][B]•[/B][/COLOR][COLOR white][B] Arenavision 21 (P2P)[/COLOR][/B]</title>
<link>plugin://plugin.video.p2p-streams/?url=$doregex[hash]&amp;mode=1&amp;name=Arenavision 21</link>
<regex>
<name>hash</name>
<expres>this.loadPlayer\("(.*?)"</expres>
<page>http://www.arenavision.in/av21</page>
<referer>http://www.arenavision.in</referer>
<setcookie>beget=begetok</setcookie>
<name>#bassfox#</name>
<thumbnail>https://springcoupon.com/wp-content/uploads/2016/05/VIP-logo.jpg</thumbnail>
<fanart>https://springcoupon.com/wp-content/uploads/2016/05/VIP-logo.jpg</fanart>
</regex>
</item>
 
<item>
<title>[COLOR lawngreen][B]•[/B][/COLOR][COLOR white][B] Arenavision 22 (Plexus) [/COLOR][/B]</title>
<link>plugin://program.plexus/?url=$doregex[hash]&amp;mode=1&amp;name=Arenavision 22</link>
<regex>
<name>hash</name>
<expres>this.loadPlayer\("(.*?)"</expres>
<page>http://www.arenavision.in/av22</page>
<referer>http://www.arenavision.in</referer>
<setcookie>beget=begetok</setcookie>
<name>#bassfox#</name>
<thumbnail>https://springcoupon.com/wp-content/uploads/2016/05/VIP-logo.jpg</thumbnail>
<fanart>https://springcoupon.com/wp-content/uploads/2016/05/VIP-logo.jpg</fanart>
</regex>
</item>
 
<item>
<title>[COLOR lawngreen][B]•[/B][/COLOR][COLOR white][B] Arenavision 22 (P2P)[/COLOR][/B]</title>
<link>plugin://plugin.video.p2p-streams/?url=$doregex[hash]&amp;mode=1&amp;name=Arenavision 22</link>
<regex>
<name>hash</name>
<expres>this.loadPlayer\("(.*?)"</expres>
<page>http://www.arenavision.in/av22</page>
<referer>http://www.arenavision.in</referer>
<setcookie>beget=begetok</setcookie>
<name>#bassfox#</name>
<thumbnail>https://springcoupon.com/wp-content/uploads/2016/05/VIP-logo.jpg</thumbnail>
<fanart>https://springcoupon.com/wp-content/uploads/2016/05/VIP-logo.jpg</fanart>
</regex>
</item>
 
<item>
<title>[COLOR lawngreen][B]•[/B][/COLOR][COLOR white][B] Arenavision 23 (Plexus) [/COLOR][/B]</title>
<link>plugin://program.plexus/?url=$doregex[hash]&amp;mode=1&amp;name=Arenavision 23</link>
<regex>
<name>hash</name>
<expres>this.loadPlayer\("(.*?)"</expres>
<page>http://www.arenavision.in/av23</page>
<referer>http://www.arenavision.in</referer>
<setcookie>beget=begetok</setcookie>
<name>#bassfox#</name>
<thumbnail>https://springcoupon.com/wp-content/uploads/2016/05/VIP-logo.jpg</thumbnail>
<fanart>https://springcoupon.com/wp-content/uploads/2016/05/VIP-logo.jpg</fanart>
</regex>
</item>
 
 
<item>
<title>[COLOR lawngreen][B]•[/B][/COLOR][COLOR white][B] Arenavision 23 (P2P)[/COLOR][/B]</title>
<link>plugin://plugin.video.p2p-streams/?url=$doregex[hash]&amp;mode=1&amp;name=Arenavision 23</link>
<regex>
<name>hash</name>
<expres>this.loadPlayer\("(.*?)"</expres>
<page>http://www.arenavision.in/av23</page>
<referer>http://www.arenavision.in</referer>
<setcookie>beget=begetok</setcookie>
<name>#bassfox#</name>
<thumbnail>https://springcoupon.com/wp-content/uploads/2016/05/VIP-logo.jpg</thumbnail>
<fanart>https://springcoupon.com/wp-content/uploads/2016/05/VIP-logo.jpg</fanart>
</regex>
</item>
 
<item>
<title>[COLOR lawngreen][B]•[/B][/COLOR][COLOR white][B] Arenavision 24  (Plexus)[/COLOR][/B]</title>
<link>plugin://program.plexus/?url=$doregex[hash]&amp;mode=1&amp;name=Arenavision 24</link>
<regex>
<name>hash</name>
<expres>this.loadPlayer\("(.*?)"</expres>
<page>http://www.arenavision.in/av24</page>
<referer>http://www.arenavision.in</referer>
<setcookie>beget=begetok</setcookie>
<name>#bassfox#</name>
<thumbnail>https://springcoupon.com/wp-content/uploads/2016/05/VIP-logo.jpg</thumbnail>
<fanart>https://springcoupon.com/wp-content/uploads/2016/05/VIP-logo.jpg</fanart>
</regex>
</item>
 
<item>
<title>[COLOR lawngreen][B]•[/B][/COLOR][COLOR white][B] Arenavision 24 (P2P)[/COLOR][/B]</title>
<link>plugin://plugin.video.p2p-streams/?url=$doregex[hash]&amp;mode=1&amp;name=Arenavision 24</link>
<regex>
<name>hash</name>
<expres>this.loadPlayer\("(.*?)"</expres>
<page>http://www.arenavision.in/av24</page>
<referer>http://www.arenavision.in</referer>
<setcookie>beget=begetok</setcookie>
<name>#bassfox#</name>
<thumbnail>https://springcoupon.com/wp-content/uploads/2016/05/VIP-logo.jpg</thumbnail>
<fanart>https://springcoupon.com/wp-content/uploads/2016/05/VIP-logo.jpg</fanart>
</regex>
</item>
 
<item>
<title>[COLOR lawngreen][B]•[/B][/COLOR][COLOR white][B] Arenavision 25 (Plexus) [/COLOR][/B]</title>
<link>plugin://program.plexus/?url=$doregex[hash]&amp;mode=1&amp;name=Arenavision 25</link>
<regex>
<name>hash</name>
<expres>this.loadPlayer\("(.*?)"</expres>
<page>http://www.arenavision.in/av25</page>
<referer>http://www.arenavision.in</referer>
<setcookie>beget=begetok</setcookie>
<name>#bassfox#</name>
<thumbnail>https://springcoupon.com/wp-content/uploads/2016/05/VIP-logo.jpg</thumbnail>
<fanart>https://springcoupon.com/wp-content/uploads/2016/05/VIP-logo.jpg</fanart>
</regex>
</item>
 
<item>
<title>[COLOR lawngreen][B]•[/B][/COLOR][COLOR white][B] Arenavision 25 (P2P) [/COLOR][/B]</title>
<link>plugin://plugin.video.p2p-streams/?url=$doregex[hash]&amp;mode=1&amp;name=Arenavision 25</link>
<regex>
<name>hash</name>
<expres>this.loadPlayer\("(.*?)"</expres>
<page>http://www.arenavision.in/av25</page>
<referer>http://www.arenavision.in</referer>
<setcookie>beget=begetok</setcookie>
<name>#bassfox#</name>
<thumbnail>https://springcoupon.com/wp-content/uploads/2016/05/VIP-logo.jpg</thumbnail>
<fanart>https://springcoupon.com/wp-content/uploads/2016/05/VIP-logo.jpg</fanart>
</regex>
</item>
 
<item>
<title>[COLOR lawngreen][B]•[/B][/COLOR][COLOR white][B] Arenavision 26  (Plexus) [/COLOR][/B]</title>
<link>plugin://program.plexus/?url=$doregex[hash]&amp;mode=1&amp;name=Arenavision 26</link>
<regex>
<name>hash</name>
<expres>this.loadPlayer\("(.*?)"</expres>
<page>http://www.arenavision.in/av26</page>
<referer>http://www.arenavision.in</referer>
<setcookie>beget=begetok</setcookie>
<name>#bassfox#</name>
<thumbnail>https://springcoupon.com/wp-content/uploads/2016/05/VIP-logo.jpg</thumbnail>
<fanart>https://springcoupon.com/wp-content/uploads/2016/05/VIP-logo.jpg</fanart>
</regex>
</item>
 
<item>
<title>[COLOR lawngreen][B]•[/B][/COLOR][COLOR white][B] Arenavision 26 (P2P) [/COLOR][/B]</title>
<link>plugin://plugin.video.p2p-streams/?url=$doregex[hash]&amp;mode=1&amp;name=Arenavision 26</link>
<regex>
<name>hash</name>
<expres>this.loadPlayer\("(.*?)"</expres>
<page>http://www.arenavision.in/av26</page>
<referer>http://www.arenavision.in</referer>
<setcookie>beget=begetok</setcookie>
<name>#bassfox#</name>
<thumbnail>https://springcoupon.com/wp-content/uploads/2016/05/VIP-logo.jpg</thumbnail>
<fanart>https://springcoupon.com/wp-content/uploads/2016/05/VIP-logo.jpg</fanart>
</regex>
</item>
 
<item>
<title>[COLOR lawngreen][B]•[/B][/COLOR][COLOR white][B] Arenavision 27 (Plexus) [/COLOR][/B]</title>
<link>plugin://program.plexus/?url=$doregex[hash]&amp;mode=1&amp;name=Arenavision 27</link>
<regex>
<name>hash</name>
<expres>this.loadPlayer\("(.*?)"</expres>
<page>http://www.arenavision.in/av27</page>
<referer>http://www.arenavision.in</referer>
<setcookie>beget=begetok</setcookie>
<name>#bassfox#</name>
<thumbnail>https://springcoupon.com/wp-content/uploads/2016/05/VIP-logo.jpg</thumbnail>
<fanart>https://springcoupon.com/wp-content/uploads/2016/05/VIP-logo.jpg</fanart>
</regex>
</item>
 
<item>
<title>[COLOR lawngreen][B]•[/B][/COLOR][COLOR white][B] Arenavision 27 (P2P) [/COLOR][/B]</title>
<link>plugin://plugin.video.p2p-streams/?url=$doregex[hash]&amp;mode=1&amp;name=Arenavision 27</link>
<regex>
<name>hash</name>
<expres>this.loadPlayer\("(.*?)"</expres>
<page>http://www.arenavision.in/av27</page>
<referer>http://www.arenavision.in</referer>
<setcookie>beget=begetok</setcookie>
<name>#bassfox#</name>
<thumbnail>https://springcoupon.com/wp-content/uploads/2016/05/VIP-logo.jpg</thumbnail>
<fanart>https://springcoupon.com/wp-content/uploads/2016/05/VIP-logo.jpg</fanart>
</regex>
</item>
 
<item>
<title>[COLOR lawngreen][B]•[/B][/COLOR][COLOR white][B] Arenavision 28 (Plexus) [/COLOR][/B]</title>
<link>plugin://program.plexus/?url=$doregex[hash]&amp;mode=1&amp;name=Arenavision 28</link>
<regex>
<name>hash</name>
<expres>this.loadPlayer\("(.*?)"</expres>
<page>http://www.arenavision.in/av28</page>
<referer>http://www.arenavision.in</referer>
<setcookie>beget=begetok</setcookie>
<name>#bassfox#</name>
<thumbnail>https://springcoupon.com/wp-content/uploads/2016/05/VIP-logo.jpg</thumbnail>
<fanart>https://springcoupon.com/wp-content/uploads/2016/05/VIP-logo.jpg</fanart>
</regex>
</item>
 
<item>
<title>[COLOR lawngreen][B]•[/B][/COLOR][COLOR white][B] Arenavision 28 (P2P) [/COLOR][/B]</title>
<link>plugin://plugin.video.p2p-streams/?url=$doregex[hash]&amp;mode=1&amp;name=Arenavision 28</link>
<regex>
<name>hash</name>
<expres>this.loadPlayer\("(.*?)"</expres>
<page>http://www.arenavision.in/av28</page>
<referer>http://www.arenavision.in</referer>
<setcookie>beget=begetok</setcookie>
<name>#bassfox#</name>
<thumbnail>https://springcoupon.com/wp-content/uploads/2016/05/VIP-logo.jpg</thumbnail>
<fanart>https://springcoupon.com/wp-content/uploads/2016/05/VIP-logo.jpg</fanart>
</regex>
</item>
 
<item>
<title>[COLOR lawngreen][B]•[/B][/COLOR][COLOR white][B] Arenavision 29 (Plexus) [/COLOR][/B]</title>
<link>plugin://program.plexus/?url=$doregex[hash]&amp;mode=1&amp;name=Arenavision 29</link>
<regex>
<name>hash</name>
<expres>this.loadPlayer\("(.*?)"</expres>
<page>http://www.arenavision.in/av29</page>
<referer>http://www.arenavision.in</referer>
<setcookie>beget=begetok</setcookie>
<name>#bassfox#</name>
<thumbnail>https://springcoupon.com/wp-content/uploads/2016/05/VIP-logo.jpg</thumbnail>
<fanart>https://springcoupon.com/wp-content/uploads/2016/05/VIP-logo.jpg</fanart>
</regex>
</item>
 
<item>
<title>[COLOR lawngreen][B]•[/B][/COLOR][COLOR white][B] Arenavision 29 (P2P) [/COLOR][/B]</title>
<link>plugin://plugin.video.p2p-streams/?url=$doregex[hash]&amp;mode=1&amp;name=Arenavision 29</link>
<regex>
<name>hash</name>
<expres>this.loadPlayer\("(.*?)"</expres>
<page>http://www.arenavision.in/av29</page>
<referer>http://www.arenavision.in</referer>
<setcookie>beget=begetok</setcookie>
<name>#bassfox#</name>
<thumbnail>https://springcoupon.com/wp-content/uploads/2016/05/VIP-logo.jpg</thumbnail>
<fanart>https://springcoupon.com/wp-content/uploads/2016/05/VIP-logo.jpg</fanart>
</regex>
</item>
 
<item>
<title>[COLOR lawngreen][B]•[/B][/COLOR][COLOR white][B] Arenavision 30 (Plexus) [/COLOR][/B]</title>
<link>plugin://program.plexus/?url=$doregex[hash]&amp;mode=1&amp;name=Arenavision 30</link>
<regex>
<name>hash</name>
<expres>this.loadPlayer\("(.*?)"</expres>
<page>http://www.arenavision.in/av30</page>
<referer>http://www.arenavision.in</referer>
<setcookie>beget=begetok</setcookie>
<name>#bassfox#</name>
<thumbnail>https://springcoupon.com/wp-content/uploads/2016/05/VIP-logo.jpg</thumbnail>
<fanart>https://springcoupon.com/wp-content/uploads/2016/05/VIP-logo.jpg</fanart>
</regex>
</item>
 
<item>
<title>[COLOR lawngreen][B]•[/B][/COLOR][COLOR white][B] Arenavision 30 (P2P) [/COLOR][/B]</title>
<link>plugin://plugin.video.p2p-streams/?url=$doregex[hash]&amp;mode=1&amp;name=Arenavision 30</link>
<regex>
<name>hash</name>
<expres>this.loadPlayer\("(.*?)"</expres>
<page>http://www.arenavision.in/av30</page>
<referer>http://www.arenavision.in</referer>
<setcookie>beget=begetok</setcookie>
<name>#bassfox#</name>
<thumbnail>https://springcoupon.com/wp-content/uploads/2016/05/VIP-logo.jpg</thumbnail>
<fanart>https://springcoupon.com/wp-content/uploads/2016/05/VIP-logo.jpg</fanart>
</regex>
</item>
 
<item>
    <title>[COLOR lawngreen][B]>>>>>[/B][/COLOR][COLOR red][B]CANAIS SOPCAST [/B][/COLOR][COLOR lawngreen][B]<<<<<[/B][/COLOR]</title>
    <link>http://ignorame</link>
    <thumbnail>https://springcoupon.com/wp-content/uploads/2016/05/VIP-logo.jpg</thumbnail>
    </item>
 
################# Canais SopCast Directos #################
 
<item>
<link>plugin://program.plexus/?url=sop://broker.sopcast.com:$doregex[hash]&amp;mode=2&amp;name=Team SopCast</link>
<regex>
<name>hash</name>
<expres>href="sop://broker.sopcast.com:(.*?)"</expres>
<page>http://www.arenavision.in/avs1</page>
<referer>http://www.arenavision.in</referer>
<setcookie>beget=begetok</setcookie>
</regex>
<thumbnail>https://springcoupon.com/wp-content/uploads/2016/05/VIP-logo.jpg</thumbnail>
<title>[COLOR lawngreen][B]•[/B][/COLOR][COLOR white][B] Arenavision 1 (Sopcast)[/COLOR][/B]</title>
</item>

<item>
<link>plugin://program.plexus/?url=sop://broker.sopcast.com:$doregex[hash]&amp;mode=2&amp;name=Team SopCast</link>
<regex>
<name>hash</name>
<expres>href="sop://broker.sopcast.com:(.*?)"</expres><page>http://www.arenavision.in/avs2</page>
<referer>http://www.arenavision.in</referer>
<setcookie>beget=begetok</setcookie>
</regex>
<thumbnail>https://springcoupon.com/wp-content/uploads/2016/05/VIP-logo.jpg</thumbnail>
<title>[COLOR lawngreen][B]•[/B][/COLOR][COLOR white][B] Arenavision 2 (Sopcast)[/COLOR][/B]</title>
</item>

<item>
<link>plugin://program.plexus/?url=sop://broker.sopcast.com:$doregex[hash]&amp;mode=2&amp;name=Team SopCast</link>
<regex>
<name>hash</name>
<expres>href="sop://broker.sopcast.com:(.*?)"</expres>
<page>http://www.arenavision.in/avs3</page>
<referer>http://www.arenavision.in</referer>
<setcookie>beget=begetok</setcookie>
</regex>
<thumbnail>https://springcoupon.com/wp-content/uploads/2016/05/VIP-logo.jpg</thumbnail>
<title>[COLOR lawngreen][B]•[/B][/COLOR][COLOR white][B] Arenavision 3 (Sopcast)[/COLOR][/B]</title>
</item>

<item>
<link>plugin://program.plexus/?url=sop://broker.sopcast.com:$doregex[hash]&amp;mode=2&amp;name=Team SopCast</link>
<regex>
<name>hash</name>
<expres>href="sop://broker.sopcast.com:(.*?)"</expres>
<page>http://www.arenavision.in/avs4</page>
<referer>http://www.arenavision.in</referer>
<setcookie>beget=begetok</setcookie>
</regex>
<thumbnail>https://springcoupon.com/wp-content/uploads/2016/05/VIP-logo.jpg</thumbnail>
<title>[COLOR lawngreen][B]•[/B][/COLOR][COLOR white][B] Arenavision 4 (Sopcast)[/COLOR][/B]</title>
</item>

<item>
<link>plugin://program.plexus/?url=sop://broker.sopcast.com:$doregex[hash]&amp;mode=2&amp;name=Team SopCast</link>
<regex>
<name>hash</name>
<expres>href="sop://broker.sopcast.com:(.*?)"</expres>
<page>http://www.arenavision.in/avs5</page>
<referer>http://www.arenavision.in</referer>
<setcookie>beget=begetok</setcookie>
</regex>
<thumbnail>https://springcoupon.com/wp-content/uploads/2016/05/VIP-logo.jpg</thumbnail>
<title>[COLOR lawngreen][B]•[/B][/COLOR][COLOR white][B] Arenavision 5 (Sopcast)[/COLOR][/B]</title>
</item>

<item>
<link>plugin://program.plexus/?url=sop://broker.sopcast.com:$doregex[hash]&amp;mode=2&amp;name=Team SopCast</link>
<regex>
<name>hash</name>
<expres>href="sop://broker.sopcast.com:(.*?)"</expres>
<page>http://www.arenavision.in/avs6</page><referer>http://www.arenavision.in</referer>
<setcookie>beget=begetok</setcookie>
</regex>
<thumbnail>https://springcoupon.com/wp-content/uploads/2016/05/VIP-logo.jpg</thumbnail>
<title>[COLOR lawngreen][B]•[/B][/COLOR][COLOR white][B] Arenavision 6 (Sopcast)[/COLOR][/B]</title>
</item>

<item>
<link>plugin://program.plexus/?url=sop://broker.sopcast.com:$doregex[hash]&amp;mode=2&amp;name=Team SopCast</link>
<regex>
<name>hash</name>
<expres>href="sop://broker.sopcast.com:(.*?)"</expres>
<page>http://www.arenavision.in/avs7</page>
<referer>http://www.arenavision.in</referer>
<setcookie>beget=begetok</setcookie>
</regex>
<thumbnail>https://springcoupon.com/wp-content/uploads/2016/05/VIP-logo.jpg</thumbnail>
<title>[COLOR lawngreen][B]•[/B][/COLOR][COLOR white][B] Arenavision 7 (Sopcast)[/COLOR][/B]</title>
<item>

<link>plugin://program.plexus/?url=sop://broker.sopcast.com:$doregex[hash]&amp;mode=2&amp;name=Team SopCast</link>
<regex>
<name>hash</name>
<expres>href="sop://broker.sopcast.com:(.*?)"</expres>
<page>http://www.arenavision.in/avs8</page>
<referer>http://www.arenavision.in</referer>
<setcookie>beget=begetok</setcookie>
</regex>
<thumbnail>https://springcoupon.com/wp-content/uploads/2016/05/VIP-logo.jpg</thumbnail>
<title>[COLOR lawngreen][B]•[/B][/COLOR][COLOR white][B] Arenavision 8 (Sopcast)[/COLOR][/B]</title>
</item>

<item>
<link>plugin://program.plexus/?url=sop://broker.sopcast.com:$doregex[hash]&amp;mode=2&amp;name=Team SopCast</link>
<regex>
<name>hash</name>
<expres>href="sop://broker.sopcast.com:(.*?)"</expres>
<page>http://www.arenavision.in/avs9</page>
<referer>http://www.arenavision.in</referer>
<setcookie>beget=begetok</setcookie>
</regex>
<thumbnail>https://springcoupon.com/wp-content/uploads/2016/05/VIP-logo.jpg</thumbnail>
<title>[COLOR lawngreen][B]•[/B][/COLOR][COLOR white][B] Arenavision 9 (Sopcast)[/COLOR][/B]</title>
</item>

<item>
<link>plugin://program.plexus/?url=sop://broker.sopcast.com:$doregex[hash]&amp;mode=2&amp;name=Team SopCast</link>
<regex>
<name>hash</name>
<expres>href="sop://broker.sopcast.com:(.*?)"</expres>
<page>http://www.arenavision.in/avs10</page>
<referer>http://www.arenavision.in</referer>
<setcookie>beget=begetok</setcookie>
</regex>
<thumbnail>https://springcoupon.com/wp-content/uploads/2016/05/VIP-logo.jpg</thumbnail>
<title>[COLOR lawngreen][B]•[/B][/COLOR][COLOR white][B] Arenavision 10 (Sopcast)[/COLOR][/B]</title>
</item>

</stream>