<?xml version="1.0" encoding="UTF-8" standalone="yes"?>
<addon id="plugin.video.xstream"
    name="xStream"
    version="3.0.0"
    provider-name="Lynx187 (originator: murphy, MaxMustermann)">
 <requires>
   <import addon="xbmc.python"                 version="2.14.0"/>
   <import addon="script.module.urlresolver"   version="2.9.0"/>
   <import addon="script.module.metahandler"   version="1.0.0"/>
   <import addon="script.module.mechanize"     version="0.2.6"/>
 </requires>
 <extension point="xbmc.python.pluginsource" library="default.py">
   <provides>video</provides>
 </extension>
 <extension point="xbmc.addon.metadata">
   <summary lang="de">xStream</summary>
   <description lang="de">xStream ist ein Addon, welches mit eigenen Plugins erweitert werden kann. Hiermit kann man Filme, Serien, etc. per Stream anschauen.[CR]Support: http://xstream-addon.square7.ch </description>
   <disclaimer lang="de">Die von diesem Addon dargestellten Inhalte werden von den Erstellern des Addons weder gehostet oder verbreitet, noch stehen die Ersteller in irgendeiner Beziehung zu den Content-Anbietern.</disclaimer>
   <summary lang="en">xStream</summary>
   <description lang="en">Addon to watch streams from various film an series sites.[CR]Support: http://xstream-addon.square7.ch</description>
   <disclaimer lang="en">The creators of this addon do not host or distribute any of the content displayed by the addon nor do they have any affiliation with the content providers.</disclaimer>
   <forum>http://xstream-addon.square7.ch</forum>
   <website>http://xstream-addon.square7.ch</website>
   <source>https://github.com/Lynx187/plugin.video.xstream</source>
   <license>GNU GPLv3</license>
   <platform>all</platform>
   <news>Big THX to all contributors!
   For more information check out the commit history at GitHub.


Version 3.0.0 - 03.11.2016
========================================================================

FIXED…

Sites:
 - anime-loads: for different roster responses
 - bs: fix for openload in hd
 - bs: rename filename
 - bs: avoid unnecessary errors
 - cine: code cleanup
 - cine: support for language
 - cineplex: some fixes
 - Filmpalast: fixes in folder structure
 - hdfilme: fix search
 - hdfilme: some cloudflare fixes
 - hdfilme: support“bluray“ streams
 - hdfilme: fix server-regex
 - movie4k: fix series
 - moviesever: fixed link scraper
 - seriesever: fix genre-list
 - seroesever: fix new episodes
 - tata: seriesnames

UpdateManager:
 - change beta to stable
 - change settings to bool
 - change source for nightly
 - replaced nightly url
 - write in binary mode

Other:
 - fix errors years-filter
 - fix errors on global-search
 - fix error on setting the view to early
 - fix errors with kodi 16
 - fix for parseSingleResult
 - fix problems with viewmodes
 - general convert methods to staticmethods
 - optimized fanart for better quality
 - redesign settings for better usability
 - replaced gitter badge in readme
 - redefine string ids for translation
 - some fixes for ParameterHandler
 - some next page fixes
 - switch js2py version
 - typo fixes and translation in settings
 - typo fixes in readme
 - update site-icons and fix for wide-view
 - user-agent for youtube
 - more small bugfixes


ADDED…

Sites:
 - dokustreamer.de
 - flimmerstube.com
 - kino-streamz.com
 - mykino.to
 - serienstream.to
 - streamit.ws
 - streamkiste.tv
 - video2k.is
 - video4k.to
 - tata.to

UpdateManager:
 - added url resolver auto-update
 - can remove files which are not in repo
 - fallback if LooseVersion not available
 - new dialog text for update
 - new download and sha location
 - remove beta to stable
 - remove version.py

Krypton:
 - add news section for changelog-infos
 - disclaimer in english and german
 - new screenshots in addon-info
 - source and license information

Other:
 - add pycharm to .gitignore
 - default-view and an setting for it
 - many cloudshare changes
 - optimized fanart for better quality
 - requestHandler: optional parameter for getCookie
 - show error if more then one urlresolver
 - speedup cloudflare scrapping
 - support for language
 - support more views and set view for mainmenu
 - timeout to settings
 - more small improvements


REMOVED…

Sites:
 - diefilme.net
 - gute-filme.to
 - streamtausch.tv

UpdateManager:
 - remove source for beta and stable
 - remove version.py

Other:
 - some debug logging</news>
   <assets>
     <icon>icon.png</icon>
     <fanart>fanart.jpg</fanart>
     <screenshot>resources/art/screenshot-01.png</screenshot>
     <screenshot>resources/art/screenshot-02.png</screenshot>
     <screenshot>resources/art/screenshot-03.png</screenshot>
     <screenshot>resources/art/screenshot-04.png</screenshot>
     <screenshot>resources/art/screenshot-05.png</screenshot>
   </assets>
 </extension>
</addon>
