﻿<?xml version="1.0" encoding="UTF-8" standalone="yes"?>

<stream>



<item>
<title>[COLOR  cyan][B]ºº [/B] [/COLOR][B][COLOR blue] ALXTV PT [/B][/COLOR]</title>
<link>https://goo.gl/7amyqh</link>
<thumbnail>http://4.bp.blogspot.com/-m5w21ktk87U/VMZxYfGBCOI/AAAAAAAAA2o/PLW8azqsly0/s1600/todos-os-canais-sd.png</thumbnail>
<fanart>http://2.bp.blogspot.com/--ksqw1AMUc8/VZL8_TR37HI/AAAAAAAABv4/5OlJ-hXuhYk/s1600/canais%2Biptv%2Bgratis%2Btv%2Bonline.jpg</fanart>
</item>





<item>
<title>[COLOR  cyan][B]ºº [/B] [/COLOR][B][COLOR orange] ALXTV MOV [/B][/COLOR]</title>
<link>https://goo.gl/XiXrv5</link>
<thumbnail>http://2.bp.blogspot.com/-LAJ0U00dfoY/VyuYpKdsnCI/AAAAAAAAGao/aYecQUlWh2ocK9We4ZP5yGpf3kFK8tu-wCK4B/s1600/popcorn-image-656x360.png</thumbnail>
<fanart>http://blogdalu.magazineluiza.com.br/wp-content/uploads/2016/02/descubra-como-como-organizar-suas-series-e-filmes-de-modo-rapido-e-facil.jpg</fanart>
</item>





<item>
<title>[COLOR  cyan][B]ºº [/B] [/COLOR][B][COLOR brown] ALXTV França [/B][/COLOR]</title>
<link>https://goo.gl/6hxFXn</link>
<thumbnail>http://beaurivage.bg/wp-content/uploads/2013/05/Tropical-Beach-Background1.png</thumbnail>
<fanart>http://files.all-free-download.com//downloadfiles/wallpapers/2560_1600/at_the_beach_wallpaper_beaches_nature_1247.jpg</fanart>
</item>





<item>
<title>[COLOR  cyan][B]ºº [/B] [/COLOR][B][COLOR torqoise] ALXTV +18X+ [/B][/COLOR]</title>
<link>https://goo.gl/iNx2QO</link>
<thumbnail>http://www.freepngimg.com/thumb/radio/1-2-radio-png-file-thumb.png</thumbnail>
<fanart>http://rcbcanada.com/broadcasting/wp-content/uploads/radio.jpg</fanart>
</item>






<item>
<title>[COLOR  cyan][B]ºº [/B] [/COLOR][B][COLOR red] XXX Clips [/B][/COLOR]</title>
<link>https://goo.gl/E0lswR</link>
<thumbnail>https://upload.wikimedia.org/wikipedia/en/thumb/7/7c/Dutch_rating_sex.svg/768px-Dutch_rating_sex.svg.png</thumbnail>
<fanart>https://i.ytimg.com/vi/HTQm5h-32iE/maxresdefault.jpg</fanart>
</item>

</stream>



