﻿<?xml version="1.0" encoding="UTF-8" standalone="yes"?>
<addon id="acebox.repo" name="AceBox Repositorio" version="2.2" provider-name="AceBox">
	<extension point="xbmc.addon.repository" name="AceBox Repositorio">
		<info compressed="false">http://raw.github.com/AceBoxPT/repository/master/repo/addons.xml</info>
		<checksum>http://raw.github.com/AceBoxPT/repository/master/repo/addons.xml.md5</checksum>
		<datadir zip="true">http://raw.github.com/AceBoxPT/repository/master/repo/</datadir>
	</extension>
	<extension point="xbmc.addon.metadata">
		<summary>AceBoxPT Repo</summary>
		<description>AceBox Repositorio</description>
		<disclaimer>www.acebox.pt</disclaimer>
		<platform>all</platform>
	</extension>
</addon>