<?xml version="1.0" encoding="UTF-8" standalone="yes"?>
<addon id="repository.bob" name="Bob's Testing Repository" version="1.2" provider-name="Team Bob">
	<extension point="xbmc.addon.repository" name="Bob's Testing Repository">
		<dir>
			<info compressed="false">https://offshoregit.com/tvaresolvers/tva-common-repository/raw/master/addons.xml</info>
			<checksum>https://offshoregit.com/tvaresolvers/tva-common-repository/raw/master/addons.xml.md5</checksum>
			<datadir zip="true">https://offshoregit.com/tvaresolvers/tva-common-repository/raw/master/zips/</datadir>
		</dir>
		<info compressed="false">https://raw.githubusercontent.com/OpenELEQ/repository.bob/master/zips/addons.xml</info>
		<checksum>https://raw.githubusercontent.com/OpenELEQ/repository.bob/master/zips/addons.xml.md5</checksum>
		<datadir zip="true">https://raw.githubusercontent.com/OpenELEQ/repository.bob/master/zips/</datadir>
	</extension>
	<extension point="xbmc.addon.metadata">
		<summary>Bob's testing repo, please do not use.</summary>
		<description></description>
		<platform>all</platform>
	</extension>
</addon>
