
<addon id="repository.cavtv" name="CAVTV Repo" version="1.0" provider-name="MikeAngel">
	<extension point="xbmc.addon.repository" name="CAVTV Repo">
				<info compressed="false">https://raw.githubusercontent.com/AceBoxPT/repository/master/cantinho/addons.xml</info>
		<checksum>https://raw.githubusercontent.com/AceBoxPT/repository/master/cantinho/addons.xml.md5</checksum>
		<datadir zip="true">https://raw.githubusercontent.com/AceBoxPT/repository/master/cantinho/</datadir>
	</extension>
	<extension point="xbmc.addon.metadata">
		<summary lang="en">Cantinho do Software</summary>
		<description lang="en">CAVTV repository </description>
		<genre>sports,tvshows,movies,portuguese,uk</genre>
	</extension>
</addon>