﻿<?xml version="1.0" encoding="UTF-8" standalone="yes"?>
<addon id="repositorio.milhano" name="[COLOR yellow]repositorio[/COLOR] [COLOR blue]M[/COLOR][COLOR red]ilhano[/COLOR]" version="1.0" provider-name="Milhano">
	<extension point="xbmc.addon.repository" name="Repositorio Milhano">
		<info compressed="false">https://github.com/AceBoxPT/repository/raw/master/milhano/addons.xml</info>
		<checksum>https://github.com/AceBoxPT/repository/raw/master/milhano/addons.xml.md5</checksum>
		<datadir zip="true">https://github.com/AceBoxPT/repository/raw/master/milhano/</datadir>
	</extension>
	<extension point="xbmc.addon.metadata">
		<summary>Milhano Repo</summary>
		<description>Repositorio de Milhano</description>
		<disclaimer>Conjunto de procuras efectuadas pela Google...</disclaimer>
		<platform>all</platform>
	</extension>
</addon>

